{"skeleton":{"hash":"qW9BXit2R1rP0iKQfaNwUuZf59c","spine":"3.6.53","width":105,"height":87},"bones":[{"name":"root"},{"name":"bone6","parent":"root","length":71.49,"rotation":0.59,"x":0.45,"y":0.26},{"name":"bone22","parent":"bone6","length":37.51,"rotation":-1.51,"x":-0.55,"y":12.62},{"name":"bone23","parent":"bone6","length":37.51,"rotation":-1.51,"x":-0.73,"y":-5.39},{"name":"bone24","parent":"bone6","length":37.35,"rotation":-39.69,"x":-0.35,"y":0.06,"scaleX":0.722,"scaleY":0.722}],"slots":[{"name":"Icon Cong/17-Minigame-NH/Icon-MiniGame/1","bone":"bone6","attachment":"Icon Cong/17-Minigame-NH/Icon-MiniGame/1"},{"name":"Icon Cong/17-Minigame-NH/Icon-MiniGame/light","bone":"bone24","color":"ffffff5d","attachment":"Icon Cong/17-Minigame-NH/Icon-MiniGame/light"},{"name":"Icon Cong/17-Minigame-NH/Icon-MiniGame/2","bone":"bone23","attachment":"Icon Cong/17-Minigame-NH/Icon-MiniGame/2"},{"name":"Icon Cong/17-Minigame-NH/Icon-MiniGame/3","bone":"bone22","attachment":"Icon Cong/17-Minigame-NH/Icon-MiniGame/3"}],"skins":{"default":{"Icon Cong/17-Minigame-NH/Icon-MiniGame/1":{"Icon Cong/17-Minigame-NH/Icon-MiniGame/1":{"x":-0.56,"y":1.16,"rotation":-0.59,"width":87,"height":87}},"Icon Cong/17-Minigame-NH/Icon-MiniGame/2":{"Icon Cong/17-Minigame-NH/Icon-MiniGame/2":{"x":-0.06,"y":9.31,"rotation":0.92,"width":105,"height":81}},"Icon Cong/17-Minigame-NH/Icon-MiniGame/3":{"Icon Cong/17-Minigame-NH/Icon-MiniGame/3":{"x":0.11,"y":9.52,"rotation":0.92,"width":103,"height":45}},"Icon Cong/17-Minigame-NH/Icon-MiniGame/light":{"Icon Cong/17-Minigame-NH/Icon-MiniGame/light":{"x":0.15,"y":-0.4,"rotation":39.1,"width":100,"height":88}}}},"animations":{"Idle":{"bones":{"bone22":{"rotate":[{"time":0.9667,"angle":0,"curve":"stepped"},{"time":1.1667,"angle":0,"curve":"stepped"},{"time":1.4,"angle":0,"curve":"stepped"},{"time":1.6333,"angle":0,"curve":"stepped"},{"time":1.8667,"angle":0}],"translate":[{"time":0.9667,"x":0,"y":0,"curve":"stepped"},{"time":1.1667,"x":0,"y":0,"curve":"stepped"},{"time":1.4,"x":0,"y":0,"curve":"stepped"},{"time":1.6333,"x":0,"y":0,"curve":"stepped"},{"time":1.8667,"x":0,"y":0}],"scale":[{"time":0.9667,"x":1,"y":1},{"time":1.0667,"x":0.592,"y":0.592},{"time":1.1667,"x":1,"y":1},{"time":1.3,"x":0.592,"y":0.592},{"time":1.4,"x":1,"y":1},{"time":1.5333,"x":0.592,"y":0.592},{"time":1.6333,"x":1,"y":1},{"time":1.7333,"x":0.592,"y":0.592},{"time":1.8667,"x":1,"y":1}],"shear":[{"time":0.9667,"x":0,"y":0,"curve":"stepped"},{"time":1.1667,"x":0,"y":0,"curve":"stepped"},{"time":1.4,"x":0,"y":0,"curve":"stepped"},{"time":1.6333,"x":0,"y":0,"curve":"stepped"},{"time":1.8667,"x":0,"y":0}]},"bone24":{"rotate":[{"time":0,"angle":0},{"time":0.6333,"angle":178.74},{"time":1,"angle":-89.64},{"time":1.3333,"angle":0},{"time":1.9667,"angle":178.74},{"time":2.3667,"angle":-89.64},{"time":2.6667,"angle":0}],"translate":[{"time":0,"x":0,"y":0,"curve":"stepped"},{"time":1.3333,"x":0,"y":0,"curve":"stepped"},{"time":2.6667,"x":0,"y":0}],"scale":[{"time":0,"x":1,"y":1},{"time":1.3333,"x":1.55,"y":1.55},{"time":2.6667,"x":1,"y":1}],"shear":[{"time":0,"x":0,"y":0,"curve":"stepped"},{"time":1.3333,"x":0,"y":0,"curve":"stepped"},{"time":2.6667,"x":0,"y":0}]},"bone6":{"rotate":[{"time":0,"angle":0,"curve":"stepped"},{"time":2.6667,"angle":0}],"translate":[{"time":0,"x":0,"y":0,"curve":"stepped"},{"time":2.6667,"x":0,"y":0}],"scale":[{"time":0,"x":1,"y":1,"curve":[0.329,0.02,0.7,1]},{"time":1.3333,"x":0.944,"y":0.944,"curve":[0.329,0.02,0.7,1]},{"time":2.6667,"x":1,"y":1}],"shear":[{"time":0,"x":0,"y":0,"curve":"stepped"},{"time":2.6667,"x":0,"y":0}]},"bone23":{"rotate":[{"time":1.7333,"angle":0,"curve":"stepped"},{"time":1.9667,"angle":0,"curve":"stepped"},{"time":2.2,"angle":0,"curve":"stepped"},{"time":2.4333,"angle":0,"curve":"stepped"},{"time":2.6667,"angle":0}],"translate":[{"time":1.7333,"x":0,"y":0,"curve":"stepped"},{"time":1.9667,"x":0,"y":0,"curve":"stepped"},{"time":2.2,"x":0,"y":0,"curve":"stepped"},{"time":2.4333,"x":0,"y":0,"curve":"stepped"},{"time":2.6667,"x":0,"y":0}],"scale":[{"time":1.7333,"x":1,"y":1},{"time":1.8667,"x":0.592,"y":0.592},{"time":1.9667,"x":1,"y":1},{"time":2.1,"x":0.592,"y":0.592},{"time":2.2,"x":1,"y":1},{"time":2.3333,"x":0.592,"y":0.592},{"time":2.4333,"x":1,"y":1},{"time":2.5333,"x":0.592,"y":0.592},{"time":2.6667,"x":1,"y":1}],"shear":[{"time":1.7333,"x":0,"y":0,"curve":"stepped"},{"time":1.9667,"x":0,"y":0,"curve":"stepped"},{"time":2.2,"x":0,"y":0,"curve":"stepped"},{"time":2.4333,"x":0,"y":0,"curve":"stepped"},{"time":2.6667,"x":0,"y":0}]}}}}}