{
"skeleton": {
	"hash": "9WlW0E82ZW7CEnJlT5sJT7pYJGE",
	"spine": "3.6.53",
	"width": 226,
	"height": 228,
	"images": "C:/Users/Dragon-X/Desktop/Project_X/Cong-2/GameBai-777/"
},
"bones": [
	{ "name": "root" },
	{ "name": "bone14", "parent": "root", "length": 100.36 },
	{ "name": "bone15", "parent": "bone14", "length": 78.5, "rotation": 55.09, "x": 20.31, "y": -54.12 },
	{ "name": "bone16", "parent": "bone14", "length": 91.2, "rotation": 64.16, "x": 0.01, "y": -49.61 },
	{ "name": "bone17", "parent": "bone14", "length": 94.67, "rotation": 80.28, "x": -28.37, "y": -52 },
	{ "name": "bone18", "parent": "bone14", "length": 90.84, "rotation": 93, "x": -41.61, "y": -62.8 },
	{ "name": "bone19", "parent": "bone14", "length": 97.02, "rotation": 103.91, "x": -49.77, "y": -70.3 },
	{ "name": "bone20", "parent": "bone14", "length": 31.97, "x": 3.8, "y": -46.95 },
	{ "name": "bone21", "parent": "bone14", "length": 83.74, "rotation": 83.03, "x": -7.16, "y": -90.69 }
],
"slots": [
	{
		"name": "Icon-Cong/Icon-TLMN/Icon-TLMN-P/Icon-TLMN-P/1",
		"bone": "bone14",
		"attachment": "Icon-Cong/Icon-TLMN/Icon-TLMN-P/Icon-TLMN-P/1"
	},
	{
		"name": "Icon-Cong/Icon-TLMN/Icon-TLMN-P/Icon-TLMN-P/2 1",
		"bone": "bone19",
		"attachment": "Icon-Cong/Icon-TLMN/Icon-TLMN-P/Icon-TLMN-P/2 1"
	},
	{
		"name": "Icon-Cong/Icon-TLMN/Icon-TLMN-P/Icon-TLMN-P/2 2",
		"bone": "bone18",
		"attachment": "Icon-Cong/Icon-TLMN/Icon-TLMN-P/Icon-TLMN-P/2 2"
	},
	{
		"name": "Icon-Cong/Icon-TLMN/Icon-TLMN-P/Icon-TLMN-P/2 3",
		"bone": "bone17",
		"attachment": "Icon-Cong/Icon-TLMN/Icon-TLMN-P/Icon-TLMN-P/2 3"
	},
	{
		"name": "Icon-Cong/Icon-TLMN/Icon-TLMN-P/Icon-TLMN-P/2 4",
		"bone": "bone16",
		"attachment": "Icon-Cong/Icon-TLMN/Icon-TLMN-P/Icon-TLMN-P/2 4"
	},
	{
		"name": "Icon-Cong/Icon-TLMN/Icon-TLMN-P/Icon-TLMN-P/2 5",
		"bone": "bone15",
		"attachment": "Icon-Cong/Icon-TLMN/Icon-TLMN-P/Icon-TLMN-P/2 5"
	},
	{
		"name": "Icon-Cong/Icon-TLMN/Icon-TLMN-P/Icon-TLMN-P/3 1",
		"bone": "bone20",
		"attachment": "Icon-Cong/Icon-TLMN/Icon-TLMN-P/Icon-TLMN-P/3 1"
	},
	{
		"name": "Icon-Cong/Icon-TLMN/Icon-TLMN-P/Icon-TLMN-P/3 2",
		"bone": "bone20",
		"attachment": "Icon-Cong/Icon-TLMN/Icon-TLMN-P/Icon-TLMN-P/3 2"
	}
],
"skins": {
	"default": {
		"Icon-Cong/Icon-TLMN/Icon-TLMN-P/Icon-TLMN-P/1": {
			"Icon-Cong/Icon-TLMN/Icon-TLMN-P/Icon-TLMN-P/1": { "width": 226, "height": 228 }
		},
		"Icon-Cong/Icon-TLMN/Icon-TLMN-P/Icon-TLMN-P/2 1": {
			"Icon-Cong/Icon-TLMN/Icon-TLMN-P/Icon-TLMN-P/2 1": { "x": 40.64, "y": 11.04, "rotation": -103.91, "width": 42, "height": 105 }
		},
		"Icon-Cong/Icon-TLMN/Icon-TLMN-P/Icon-TLMN-P/2 2": {
			"Icon-Cong/Icon-TLMN/Icon-TLMN-P/Icon-TLMN-P/2 2": { "x": 36, "y": 0.2, "rotation": -93, "width": 64, "height": 123 }
		},
		"Icon-Cong/Icon-TLMN/Icon-TLMN-P/Icon-TLMN-P/2 3": {
			"Icon-Cong/Icon-TLMN/Icon-TLMN-P/Icon-TLMN-P/2 3": { "x": 32.98, "y": -10.15, "rotation": -80.28, "width": 87, "height": 139 }
		},
		"Icon-Cong/Icon-TLMN/Icon-TLMN-P/Icon-TLMN-P/2 4": {
			"Icon-Cong/Icon-TLMN/Icon-TLMN-P/Icon-TLMN-P/2 4": { "x": 35.11, "y": 1.57, "rotation": -64.16, "width": 135, "height": 148 }
		},
		"Icon-Cong/Icon-TLMN/Icon-TLMN-P/Icon-TLMN-P/2 5": {
			"Icon-Cong/Icon-TLMN/Icon-TLMN-P/Icon-TLMN-P/2 5": { "x": 27.85, "y": 17.54, "rotation": -55.09, "width": 137, "height": 138 }
		},
		"Icon-Cong/Icon-TLMN/Icon-TLMN-P/Icon-TLMN-P/3 1": {
			"Icon-Cong/Icon-TLMN/Icon-TLMN-P/Icon-TLMN-P/3 1": { "x": 1.32, "y": 18.44, "width": 156, "height": 53 }
		},
		"Icon-Cong/Icon-TLMN/Icon-TLMN-P/Icon-TLMN-P/3 2": {
			"Icon-Cong/Icon-TLMN/Icon-TLMN-P/Icon-TLMN-P/3 2": { "x": -0.73, "y": -15.53, "width": 120, "height": 45 }
		}
	}
},
"animations": {
	"Idle": {
		"bones": {
			"bone14": {
				"rotate": [
					{ "time": 0, "angle": 0, "curve": "stepped" },
					{ "time": 3.3333, "angle": 0 }
				],
				"translate": [
					{ "time": 0, "x": 0, "y": 0, "curve": "stepped" },
					{ "time": 3.3333, "x": 0, "y": 0 }
				],
				"scale": [
					{ "time": 0, "x": 1, "y": 1, "curve": "stepped" },
					{ "time": 3.3333, "x": 1, "y": 1 }
				],
				"shear": [
					{ "time": 0, "x": 0, "y": 0, "curve": "stepped" },
					{ "time": 3.3333, "x": 0, "y": 0 }
				]
			},
			"bone15": {
				"rotate": [
					{
						"time": 0,
						"angle": 0,
						"curve": [ 0.25, 0, 0.75, 1 ]
					},
					{
						"time": 1.5667,
						"angle": 1.6,
						"curve": [ 0.25, 0, 0.75, 1 ]
					},
					{ "time": 3.3333, "angle": 0 }
				],
				"translate": [
					{ "time": 0, "x": 0, "y": 0, "curve": "stepped" },
					{ "time": 3.3333, "x": 0, "y": 0 }
				],
				"scale": [
					{ "time": 0, "x": 1, "y": 1, "curve": "stepped" },
					{ "time": 3.3333, "x": 1, "y": 1 }
				],
				"shear": [
					{ "time": 0, "x": 0, "y": 0, "curve": "stepped" },
					{ "time": 3.3333, "x": 0, "y": 0 }
				]
			},
			"bone16": {
				"rotate": [
					{
						"time": 0,
						"angle": 1.03,
						"curve": [ 0.201, 0.25, 0.75, 1 ]
					},
					{
						"time": 0.7,
						"angle": 2.69,
						"curve": [ 0.413, 0.06, 0.75, 1 ]
					},
					{
						"time": 2.3333,
						"angle": -2.5,
						"curve": [ 0.25, 0, 0.775, 0.74 ]
					},
					{ "time": 3.3333, "angle": 1.03 }
				],
				"translate": [
					{ "time": 0, "x": 0, "y": 0, "curve": "stepped" },
					{ "time": 3.3333, "x": 0, "y": 0 }
				],
				"scale": [
					{ "time": 0, "x": 1, "y": 1, "curve": "stepped" },
					{ "time": 3.3333, "x": 1, "y": 1 }
				],
				"shear": [
					{ "time": 0, "x": 0, "y": 0, "curve": "stepped" },
					{ "time": 3.3333, "x": 0, "y": 0 }
				]
			},
			"bone17": {
				"rotate": [
					{
						"time": 0,
						"angle": 0,
						"curve": [ 0.25, 0, 0.75, 1 ]
					},
					{
						"time": 1.8,
						"angle": -2.81,
						"curve": [ 0.25, 0, 0.75, 1 ]
					},
					{ "time": 3.3333, "angle": 0 }
				],
				"translate": [
					{ "time": 0, "x": 0, "y": 0, "curve": "stepped" },
					{ "time": 3.3333, "x": 0, "y": 0 }
				],
				"scale": [
					{ "time": 0, "x": 1, "y": 1, "curve": "stepped" },
					{ "time": 3.3333, "x": 1, "y": 1 }
				],
				"shear": [
					{ "time": 0, "x": 0, "y": 0, "curve": "stepped" },
					{ "time": 3.3333, "x": 0, "y": 0 }
				]
			},
			"bone18": {
				"rotate": [
					{
						"time": 0,
						"angle": 0,
						"curve": [ 0.25, 0, 0.75, 1 ]
					},
					{
						"time": 1.3667,
						"angle": -2.37,
						"curve": [ 0.25, 0, 0.75, 1 ]
					},
					{ "time": 3.3333, "angle": 0 }
				],
				"translate": [
					{ "time": 0, "x": 0, "y": 0, "curve": "stepped" },
					{ "time": 3.3333, "x": 0, "y": 0 }
				],
				"scale": [
					{ "time": 0, "x": 1, "y": 1, "curve": "stepped" },
					{ "time": 3.3333, "x": 1, "y": 1 }
				],
				"shear": [
					{ "time": 0, "x": 0, "y": 0, "curve": "stepped" },
					{ "time": 3.3333, "x": 0, "y": 0 }
				]
			},
			"bone19": {
				"rotate": [
					{
						"time": 0,
						"angle": 0,
						"curve": [ 0.25, 0, 0.75, 1 ]
					},
					{
						"time": 1.7,
						"angle": -1.85,
						"curve": [ 0.25, 0, 0.75, 1 ]
					},
					{ "time": 3.3333, "angle": 0 }
				],
				"translate": [
					{
						"time": 0,
						"x": 0,
						"y": 0,
						"curve": [ 0.25, 0, 0.75, 1 ]
					},
					{
						"time": 1.7,
						"x": -2.06,
						"y": 0,
						"curve": [ 0.25, 0, 0.75, 1 ]
					},
					{ "time": 3.3333, "x": 0, "y": 0 }
				],
				"scale": [
					{ "time": 0, "x": 1, "y": 1, "curve": "stepped" },
					{ "time": 3.3333, "x": 1, "y": 1 }
				],
				"shear": [
					{ "time": 0, "x": 0, "y": 0, "curve": "stepped" },
					{ "time": 3.3333, "x": 0, "y": 0 }
				]
			},
			"bone20": {
				"rotate": [
					{ "time": 0, "angle": 0, "curve": "stepped" },
					{ "time": 1, "angle": 0, "curve": "stepped" },
					{ "time": 1.2, "angle": 0, "curve": "stepped" },
					{ "time": 1.4, "angle": 0, "curve": "stepped" },
					{ "time": 1.6, "angle": 0, "curve": "stepped" },
					{ "time": 1.8, "angle": 0, "curve": "stepped" },
					{ "time": 2, "angle": 0 }
				],
				"translate": [
					{ "time": 0, "x": 0, "y": 0, "curve": "stepped" },
					{ "time": 1, "x": 0, "y": 0, "curve": "stepped" },
					{ "time": 1.2, "x": 0, "y": 0, "curve": "stepped" },
					{ "time": 1.4, "x": 0, "y": 0, "curve": "stepped" },
					{ "time": 1.6, "x": 0, "y": 0, "curve": "stepped" },
					{ "time": 1.8, "x": 0, "y": 0, "curve": "stepped" },
					{ "time": 2, "x": 0, "y": 0 }
				],
				"scale": [
					{ "time": 0, "x": 1, "y": 1, "curve": "stepped" },
					{ "time": 1, "x": 1, "y": 1 },
					{ "time": 1.1, "x": 1.063, "y": 1.063 },
					{ "time": 1.2, "x": 1, "y": 1 },
					{ "time": 1.3, "x": 1.063, "y": 1.063 },
					{ "time": 1.4, "x": 1, "y": 1 },
					{ "time": 1.5, "x": 1.063, "y": 1.063 },
					{ "time": 1.6, "x": 1, "y": 1 },
					{ "time": 1.7, "x": 1.063, "y": 1.063 },
					{ "time": 1.8, "x": 1, "y": 1 },
					{ "time": 1.9, "x": 1.063, "y": 1.063 },
					{ "time": 2, "x": 1, "y": 1 }
				],
				"shear": [
					{ "time": 0, "x": 0, "y": 0, "curve": "stepped" },
					{ "time": 1, "x": 0, "y": 0, "curve": "stepped" },
					{ "time": 1.2, "x": 0, "y": 0, "curve": "stepped" },
					{ "time": 1.4, "x": 0, "y": 0, "curve": "stepped" },
					{ "time": 1.6, "x": 0, "y": 0, "curve": "stepped" },
					{ "time": 1.8, "x": 0, "y": 0, "curve": "stepped" },
					{ "time": 2, "x": 0, "y": 0 }
				]
			},
			"bone21": {
				"rotate": [
					{ "time": 0, "angle": 0, "curve": "stepped" },
					{ "time": 3.3333, "angle": 0 }
				],
				"translate": [
					{
						"time": 0,
						"x": 0,
						"y": 0,
						"curve": [ 0.25, 0, 0.75, 1 ]
					},
					{
						"time": 1.6667,
						"x": -0.65,
						"y": 1.29,
						"curve": [ 0.25, 0, 0.75, 1 ]
					},
					{ "time": 3.3333, "x": 0, "y": 0 }
				],
				"scale": [
					{
						"time": 0,
						"x": 1,
						"y": 1,
						"curve": [ 0.25, 0, 0.75, 1 ]
					},
					{
						"time": 1.6667,
						"x": 1.023,
						"y": 1.023,
						"curve": [ 0.25, 0, 0.75, 1 ]
					},
					{ "time": 3.3333, "x": 1, "y": 1 }
				],
				"shear": [
					{ "time": 0, "x": 0, "y": 0, "curve": "stepped" },
					{ "time": 3.3333, "x": 0, "y": 0 }
				]
			}
		}
	}
}
}