{
"skeleton": { "hash": "GOP4k5c7DTGvFJHZjIVONyj7UaM", "spine": "3.6.53", "width": 0, "height": 0, "images": "./Icon-3-P/" },
"bones": [
	{ "name": "root" },
	{ "name": "2", "parent": "root", "x": 17.01, "y": -35.5, "color": "ff3f00ff" },
	{ "name": "1", "parent": "2", "x": -9.52, "y": 2.28, "color": "ff3f00ff" },
	{ "name": "4", "parent": "root", "x": -15.28, "y": -36.81, "color": "ff3f00ff" },
	{ "name": "3", "parent": "4", "x": 9.63, "y": 3.46, "color": "ff3f00ff" },
	{ "name": "bone", "parent": "root", "length": 18.49, "x": -2.01, "y": -14.98 },
	{ "name": "bone2", "parent": "bone", "length": 20.4, "rotation": 95.65, "y": 0.2 },
	{ "name": "bone3", "parent": "bone2", "length": 22.82, "rotation": -0.09, "x": 20.4 },
	{ "name": "bone4", "parent": "bone2", "length": 12.89, "rotation": -154.69, "x": 19.18, "y": -20.48 },
	{ "name": "bone5", "parent": "bone4", "length": 14.87, "rotation": -21.63, "x": 12.89 },
	{ "name": "bone6", "parent": "bone2", "length": 12.78, "rotation": 137.66, "x": 11.66, "y": 15.81 },
	{ "name": "bone7", "parent": "bone6", "length": 10.73, "rotation": 23.7, "x": 12.62, "y": -0.12 },
	{ "name": "bone8", "parent": "bone", "length": 9.92, "rotation": -52.77, "x": 4.76, "y": -1.77 },
	{ "name": "bone9", "parent": "bone8", "length": 8.63, "rotation": -45.66, "x": 9.92 },
	{ "name": "bone10", "parent": "bone9", "length": 9.82, "rotation": 84.75, "x": 8.63 },
	{ "name": "bone11", "parent": "bone", "length": 9.95, "rotation": -110.45, "x": -3.77, "y": -1.62 },
	{ "name": "bone12", "parent": "bone11", "length": 8.13, "rotation": 47.01, "x": 10.1, "y": 0.06 },
	{ "name": "bone13", "parent": "bone12", "length": 10.25, "rotation": -96.73, "x": 8.13 },
	{ "name": "bone14", "parent": "bone3", "length": 10.62, "rotation": 37.63, "x": 12.27, "y": 19.73 },
	{ "name": "bone15", "parent": "bone3", "length": 17.84, "rotation": 28.97, "x": 17.4, "y": 10.5 },
	{ "name": "bone16", "parent": "bone3", "length": 18.45, "rotation": 10.86, "x": 19.43, "y": 3.64 },
	{ "name": "bone17", "parent": "bone3", "length": 18.17, "rotation": -13.06, "x": 19.48, "y": -3.99 },
	{ "name": "bone18", "parent": "bone3", "length": 16.46, "rotation": -32.37, "x": 15.28, "y": -12.95 },
	{ "name": "bone19", "parent": "bone3", "length": 14.66, "rotation": -47.5, "x": 6.03, "y": -18.24 },
	{ "name": "bone20", "parent": "bone2", "length": 14.55, "rotation": -174.81, "x": 23.22, "y": 7.71 }
],
"slots": [
	{ "name": "1-1", "bone": "bone11" },
	{ "name": "1-2", "bone": "bone8" },
	{ "name": "1-3", "bone": "bone6" },
	{ "name": "2", "bone": "bone" },
	{ "name": "3", "bone": "bone20" },
	{ "name": "4-1", "bone": "bone19" },
	{ "name": "4-2", "bone": "bone18" },
	{ "name": "4-3", "bone": "bone17" },
	{ "name": "4-4", "bone": "bone16" },
	{ "name": "4-5", "bone": "bone15" },
	{ "name": "4-6", "bone": "bone14" },
	{ "name": "5", "bone": "bone4" }
],
"ik": [
	{
		"name": "1",
		"order": 0,
		"bones": [ "bone8", "bone9" ],
		"target": "1",
		"bendPositive": false
	},
	{
		"name": "2",
		"order": 1,
		"bones": [ "bone10" ],
		"target": "2"
	},
	{
		"name": "3",
		"order": 2,
		"bones": [ "bone11", "bone12" ],
		"target": "3"
	},
	{
		"name": "4",
		"order": 3,
		"bones": [ "bone13" ],
		"target": "4"
	}
],
"skins": {
	"default": {
		"1-1": {
			"1-1": {
				"type": "mesh",
				"uvs": [ 0.90014, 0.55021, 0.86428, 0.74775, 0.65289, 0.84237, 0.30075, 1, 0, 1, 0, 0.62353, 0.16933, 0.55897, 0.24952, 0.52839, 0.18836, 0.46102, 0, 0.25354, 0, 0, 1, 0 ],
				"triangles": [ 8, 9, 10, 11, 8, 10, 0, 7, 8, 11, 0, 8, 1, 7, 0, 2, 7, 1, 6, 7, 2, 3, 4, 5, 6, 3, 5, 2, 3, 6 ],
				"vertices": [ 3, 17, -8.62, -0.23, 0.00871, 16, 8.91, 8.59, 0.8618, 15, 9.89, 12.43, 0.12949, 3, 17, -5.87, 4.66, 0.19751, 16, 13.44, 5.28, 0.7937, 15, 15.4, 13.49, 0.00879, 2, 17, 0.2, 5.29, 0.83627, 16, 13.35, -0.82, 0.16373, 1, 17, 10.31, 6.33, 1, 1, 17, 17.66, 3.68, 1, 2, 17, 14.09, -6.24, 0.93127, 16, 0.28, -13.26, 0.06873, 3, 17, 9.33, -6.44, 0.72944, 16, 0.63, -8.51, 0.25179, 15, 16.76, -5.29, 0.01877, 3, 17, 7.08, -6.54, 0.39675, 16, 0.8, -6.27, 0.48713, 15, 15.23, -3.63, 0.11612, 3, 17, 7.94, -8.86, 0.13017, 16, -1.6, -6.84, 0.48081, 15, 14.01, -5.78, 0.38902, 3, 17, 10.57, -15.98, 8.2E-4, 16, -8.99, -8.63, 0.18555, 15, 10.28, -12.4, 0.81363, 2, 16, -15.34, -5.45, 0.09174, 15, 3.63, -14.88, 0.90826, 2, 16, -3.71, 17.8, 0.13029, 15, -5.45, 9.48, 0.86971 ],
				"hull": 12,
				"edges": [ 20, 22, 18, 20, 8, 10, 6, 8, 2, 14, 2, 0, 0, 22, 14, 16, 16, 18, 0, 16, 10, 12, 12, 14, 2, 4, 4, 6, 12, 4 ],
				"width": 26,
				"height": 28
			}
		},
		"1-2": {
			"1-2": {
				"type": "mesh",
				"uvs": [ 1, 0.20294, 0.83615, 0.49505, 0.77108, 0.61106, 0.84484, 0.64574, 1, 0.71869, 1, 1, 0.72839, 1, 0.4339, 0.87046, 0.26731, 0.79718, 0.17363, 0.65571, 0, 0.39355, 0.72554, 0, 1, 0 ],
				"triangles": [ 11, 12, 0, 10, 11, 0, 1, 10, 0, 1, 9, 10, 2, 9, 1, 8, 9, 2, 7, 8, 2, 7, 2, 3, 6, 7, 3, 6, 3, 4, 6, 4, 5 ],
				"vertices": [ 3, 14, 6.73, 21.77, 0.00133, 13, -10.16, 12.9, 0.01042, 12, 12.05, 16.28, 0.98825, 3, 14, 7.08, 11.24, 0.16675, 13, 0, 10.1, 0.28224, 12, 17.15, 7.06, 0.55101, 3, 14, 7.22, 7.06, 0.56653, 13, 4.04, 8.99, 0.29493, 12, 19.17, 3.4, 0.13854, 3, 14, 9.44, 6.86, 0.82357, 13, 4.89, 11.05, 0.13829, 12, 21.24, 4.23, 0.03814, 3, 14, 14.12, 6.44, 0.97175, 13, 6.68, 15.4, 0.02718, 12, 25.6, 5.99, 0.00107, 1, 14, 18.15, -1.92, 1, 1, 14, 11.79, -4.99, 1, 2, 14, 3.04, -4.46, 0.97487, 13, 13.79, 1.57, 0.02513, 3, 14, -1.91, -4.16, 0.42899, 13, 12.03, -3.07, 0.56798, 12, 16.14, -10.75, 0.00303, 3, 14, -6.14, -1.02, 0.00213, 13, 7.77, -6.16, 0.8863, 12, 10.95, -9.86, 0.11157, 2, 13, -0.13, -11.89, 0.32077, 12, 1.33, -8.22, 0.67923, 1, 12, 2.4, 14.66, 1, 1, 12, 6.72, 20.34, 1 ],
				"hull": 13,
				"edges": [ 0, 24, 8, 10, 10, 12, 4, 16, 0, 2, 2, 4, 16, 18, 18, 20, 2, 18, 20, 0, 4, 6, 6, 8, 12, 14, 14, 16, 6, 14, 22, 24, 20, 22 ],
				"width": 26,
				"height": 33
			}
		},
		"1-3": {
			"1-3": {
				"type": "mesh",
				"uvs": [ 1, 0.37524, 1, 0.56039, 0.84861, 0.65315, 0.72181, 0.73085, 0.67022, 0.82116, 0.56806, 1, 0, 1, 0, 0.6013, 0, 0.4263, 0.17147, 0.27218, 0.47431, 0, 0.64191, 0 ],
				"triangles": [ 2, 3, 9, 9, 10, 2, 2, 10, 1, 1, 10, 0, 10, 11, 0, 4, 5, 7, 5, 6, 7, 4, 7, 3, 9, 3, 8, 3, 7, 8 ],
				"vertices": [ 1, 10, 0.64, 6.59, 1, 2, 11, -2.32, 12.34, 1.6E-4, 10, 5.54, 10.24, 0.99984, 2, 11, 1.34, 10.08, 0.06153, 10, 9.8, 9.65, 0.93847, 2, 11, 4.41, 8.18, 0.35304, 10, 13.37, 9.14, 0.64696, 2, 11, 7.55, 7.85, 0.69887, 10, 16.38, 10.1, 0.30113, 2, 11, 13.76, 7.18, 0.95668, 10, 22.33, 11.99, 0.04332, 1, 11, 16.31, -3.89, 1, 1, 11, 3.49, -6.85, 1, 2, 11, -2.14, -8.14, 0.90841, 10, 13.94, -8.44, 0.09159, 2, 11, -7.86, -5.95, 0.40767, 10, 7.81, -8.73, 0.59233, 2, 11, -17.98, -2.07, 0.00638, 10, -3.01, -9.24, 0.99362, 2, 11, -18.73, 1.2, 3.0E-5, 10, -5.01, -6.55, 0.99997 ],
				"hull": 12,
				"edges": [ 10, 12, 6, 16, 2, 4, 4, 6, 16, 18, 18, 20, 4, 18, 6, 8, 8, 10, 12, 14, 14, 16, 8, 14, 20, 2, 2, 0, 20, 22, 0, 22 ],
				"width": 20,
				"height": 33
			}
		},
		"2": {
			"2": {
				"type": "mesh",
				"uvs": [ 1, 0.19684, 1, 0.43047, 1, 0.69549, 0.93103, 0.8932, 0.71017, 1, 0.39999, 1, 0.14176, 0.88547, 0.01724, 0.67452, 0, 0.44585, 0, 0.19245, 0.26103, 0, 0.68784, 0, 0.71032, 0.89104, 0.71284, 0.68937, 0.70543, 0.435, 0.70272, 0.19553, 0.37018, 0.88771, 0.336, 0.68132, 0.30573, 0.44115, 0.27349, 0.19365 ],
				"triangles": [ 4, 12, 3, 4, 5, 12, 6, 16, 5, 5, 16, 12, 2, 3, 13, 3, 12, 13, 12, 16, 13, 6, 17, 16, 16, 17, 13, 6, 7, 17, 13, 1, 2, 17, 14, 13, 13, 14, 1, 7, 18, 17, 17, 18, 14, 7, 8, 18, 8, 19, 18, 8, 9, 19, 18, 15, 14, 18, 19, 15, 1, 14, 0, 14, 15, 0, 19, 11, 15, 0, 15, 11, 9, 10, 19, 19, 10, 11 ],
				"vertices": [ 2, 7, 10.89, -29.22, 0.78583, 6, 31.24, -29.24, 0.21417, 2, 7, -3.29, -27.84, 0.46608, 6, 17.06, -27.84, 0.53392, 2, 7, -19.38, -26.28, 0.09781, 6, 0.97, -26.25, 0.90219, 2, 7, -31.03, -21.4, 0.01124, 6, -10.66, -21.35, 0.98876, 1, 6, -15.97, -8.84, 1, 1, 6, -14.32, 7.83, 1, 2, 7, -26.43, 20.97, 0.02115, 6, -5.99, 21.02, 0.97885, 2, 7, -12.97, 26.42, 0.17552, 6, 7.48, 26.44, 0.82448, 2, 7, 1.01, 25.99, 0.54197, 6, 21.45, 25.99, 0.45803, 2, 7, 16.39, 24.5, 0.89144, 6, 36.83, 24.47, 0.10856, 2, 7, 26.71, 9.33, 0.99972, 6, 47.12, 9.28, 2.8E-4, 2, 7, 24.48, -13.61, 0.99332, 6, 44.85, -13.65, 0.00668, 2, 7, -29.74, -9.55, 4.3E-4, 6, -9.35, -9.5, 0.99957, 2, 7, -17.51, -10.88, 0.03599, 6, 2.87, -10.85, 0.96401, 2, 7, -2.03, -11.99, 0.4429, 6, 18.35, -11.98, 0.5571, 2, 7, 12.53, -13.25, 0.93116, 6, 32.9, -13.28, 0.06884, 2, 7, -27.76, 8.71, 2.6E-4, 6, -7.34, 8.75, 0.99974, 2, 7, -15.05, 9.33, 0.03151, 6, 5.37, 9.35, 0.96849, 2, 7, -0.31, 9.53, 0.49417, 6, 20.11, 9.53, 0.50583, 2, 7, 14.89, 9.8, 0.97273, 6, 35.3, 9.78, 0.02727 ],
				"hull": 12,
				"edges": [ 18, 20, 20, 22, 22, 0, 8, 10, 8, 6, 6, 4, 16, 18, 14, 16, 0, 2, 2, 4, 10, 12, 14, 12, 6, 24, 8, 24, 4, 26, 24, 26, 2, 28, 26, 28, 0, 30, 28, 30, 30, 22, 12, 32, 32, 24, 10, 32, 14, 34, 34, 26, 32, 34, 16, 36, 36, 28, 34, 36, 18, 38, 38, 30, 36, 38, 38, 20 ],
				"width": 54,
				"height": 61
			}
		},
		"3": {
			"3": { "x": 5.06, "y": 0.55, "rotation": 79.16, "width": 33, "height": 25 }
		},
		"4-1": {
			"4-1": { "x": 6.27, "y": -0.37, "rotation": -48.06, "width": 20, "height": 33 }
		},
		"4-2": {
			"4-2": { "x": 7.86, "y": -0.65, "rotation": -63.19, "width": 23, "height": 31 }
		},
		"4-3": {
			"4-3": { "x": 8.22, "y": -1.89, "rotation": -82.5, "width": 22, "height": 22 }
		},
		"4-4": {
			"4-4": { "x": 7.88, "y": 1.29, "rotation": -106.42, "width": 20, "height": 25 }
		},
		"4-5": {
			"4-5": { "x": 8.41, "y": 0.08, "rotation": -124.53, "width": 24, "height": 25 }
		},
		"4-6": {
			"4-6": { "x": 3.91, "y": -0.05, "rotation": -133.19, "width": 17, "height": 27 }
		},
		"5": {
			"5": {
				"type": "mesh",
				"uvs": [ 0.64901, 0.08003, 0.86074, 0.28985, 1, 0.44984, 1, 0.65484, 1, 1, 0.33574, 1, 0.17936, 0.74592, 0.14074, 0.68318, 0, 0.53818, 0, 0.34228, 0, 0.18486, 0, 0, 0.56824, 0 ],
				"triangles": [ 7, 8, 1, 7, 1, 2, 8, 0, 1, 8, 9, 0, 9, 12, 0, 9, 10, 12, 10, 11, 12, 5, 3, 4, 5, 6, 3, 3, 6, 2, 2, 6, 7 ],
				"vertices": [ 1, 8, -3.06, 12.93, 1, 2, 9, -9.59, 8.78, 0.0863, 8, 7.22, 11.7, 0.9137, 2, 9, -2.03, 10.36, 0.52913, 8, 14.82, 10.38, 0.47087, 2, 9, 7.07, 8.87, 0.98852, 8, 22.73, 5.64, 0.01148, 1, 9, 22.4, 6.35, 1, 1, 9, 20.24, -6.76, 1, 2, 9, 8.45, -7.99, 0.94316, 8, 17.8, -10.54, 0.05684, 2, 9, 5.54, -8.3, 0.81471, 8, 14.98, -9.75, 0.18529, 2, 9, -1.35, -10.02, 0.26331, 8, 7.94, -8.81, 0.73669, 2, 9, -10.05, -8.59, 0.00274, 8, 0.38, -4.28, 0.99726, 1, 8, -5.69, -0.63, 1, 1, 8, -12.83, 3.65, 1, 1, 8, -6.98, 13.39, 1 ],
				"hull": 13,
				"edges": [ 22, 24, 2, 4, 16, 14, 8, 10, 14, 4, 16, 2, 10, 12, 12, 14, 4, 6, 6, 8, 12, 6, 2, 0, 0, 24, 16, 18, 0, 18, 18, 20, 20, 22, 24, 20 ],
				"width": 20,
				"height": 45
			}
		}
	}
},
"animations": {
	"Idle": {
		"slots": {
			"2": {
				"attachment": [
					{ "time": 0, "name": "2" }
				]
			},
			"3": {
				"attachment": [
					{ "time": 0, "name": "3" },
					{ "time": 1.3333, "name": "3" }
				]
			},
			"5": {
				"attachment": [
					{ "time": 0, "name": "5" }
				]
			},
			"1-1": {
				"attachment": [
					{ "time": 0, "name": "1-1" }
				]
			},
			"1-2": {
				"attachment": [
					{ "time": 0, "name": "1-2" }
				]
			},
			"1-3": {
				"attachment": [
					{ "time": 0, "name": "1-3" }
				]
			},
			"4-1": {
				"attachment": [
					{ "time": 0, "name": "4-1" }
				]
			},
			"4-2": {
				"attachment": [
					{ "time": 0, "name": "4-2" }
				]
			},
			"4-3": {
				"attachment": [
					{ "time": 0, "name": "4-3" }
				]
			},
			"4-4": {
				"attachment": [
					{ "time": 0, "name": "4-4" }
				]
			},
			"4-5": {
				"attachment": [
					{ "time": 0, "name": "4-5" }
				]
			},
			"4-6": {
				"attachment": [
					{ "time": 0, "name": "4-6" }
				]
			}
		},
		"bones": {
			"bone": {
				"rotate": [
					{ "time": 0, "angle": 0, "curve": "stepped" },
					{ "time": 1.3333, "angle": 0, "curve": "stepped" },
					{ "time": 2.6667, "angle": 0 }
				],
				"translate": [
					{
						"time": 0,
						"x": 0,
						"y": 0,
						"curve": [ 0.425, 0, 0.652, 0.99 ]
					},
					{
						"time": 0.6667,
						"x": 0,
						"y": -7.9,
						"curve": [ 0.425, 0, 0.652, 0.99 ]
					},
					{
						"time": 1.3333,
						"x": 0,
						"y": 0,
						"curve": [ 0.425, 0, 0.652, 0.99 ]
					},
					{
						"time": 2,
						"x": 0,
						"y": -8.24,
						"curve": [ 0.425, 0, 0.652, 0.99 ]
					},
					{ "time": 2.6667, "x": 0, "y": 0 }
				],
				"scale": [
					{
						"time": 0,
						"x": 1,
						"y": 1,
						"curve": [ 0.402, 0, 0.71, 0.5 ]
					},
					{
						"time": 0.6667,
						"x": 1.017,
						"y": 1,
						"curve": [ 0.326, 0.49, 0.631, 0.99 ]
					},
					{
						"time": 1.3333,
						"x": 1,
						"y": 1,
						"curve": [ 0.402, 0, 0.71, 0.5 ]
					},
					{
						"time": 2,
						"x": 1.027,
						"y": 1,
						"curve": [ 0.326, 0.49, 0.631, 0.99 ]
					},
					{ "time": 2.6667, "x": 1, "y": 1 }
				],
				"shear": [
					{ "time": 0, "x": 0, "y": 0, "curve": "stepped" },
					{ "time": 1.3333, "x": 0, "y": 0, "curve": "stepped" },
					{ "time": 2.6667, "x": 0, "y": 0 }
				]
			},
			"bone2": {
				"rotate": [
					{
						"time": 0,
						"angle": -2.75,
						"curve": [ 0.323, 0.51, 0.652, 0.98 ]
					},
					{
						"time": 0.2667,
						"angle": -5.93,
						"curve": [ 0.34, 0, 0.647, 0.98 ]
					},
					{
						"time": 1,
						"angle": 2.16,
						"curve": [ 0.344, 0, 0.669, 0.53 ]
					},
					{
						"time": 1.3333,
						"angle": -2.75,
						"curve": [ 0.323, 0.51, 0.652, 0.98 ]
					},
					{
						"time": 1.6,
						"angle": -5.93,
						"curve": [ 0.34, 0, 0.647, 0.98 ]
					},
					{
						"time": 2.3333,
						"angle": 2.16,
						"curve": [ 0.344, 0, 0.669, 0.53 ]
					},
					{ "time": 2.6667, "angle": -2.75 }
				],
				"translate": [
					{ "time": 0, "x": 0, "y": 0, "curve": "stepped" },
					{ "time": 1.3333, "x": 0, "y": 0, "curve": "stepped" },
					{ "time": 2.6667, "x": 0, "y": 0 }
				],
				"scale": [
					{ "time": 0, "x": 1, "y": 1, "curve": "stepped" },
					{ "time": 1.3333, "x": 1, "y": 1, "curve": "stepped" },
					{ "time": 2.6667, "x": 1, "y": 1 }
				],
				"shear": [
					{ "time": 0, "x": 0, "y": 0, "curve": "stepped" },
					{ "time": 1.3333, "x": 0, "y": 0, "curve": "stepped" },
					{ "time": 2.6667, "x": 0, "y": 0 }
				]
			},
			"bone3": {
				"rotate": [
					{ "time": 0, "angle": 0, "curve": "stepped" },
					{ "time": 1.3333, "angle": 0 }
				],
				"translate": [
					{ "time": 0, "x": 0, "y": 0, "curve": "stepped" },
					{ "time": 1.3333, "x": 0, "y": 0 }
				],
				"scale": [
					{ "time": 0, "x": 1, "y": 1, "curve": "stepped" },
					{ "time": 1.3333, "x": 1, "y": 1 }
				],
				"shear": [
					{ "time": 0, "x": 0, "y": 0, "curve": "stepped" },
					{ "time": 1.3333, "x": 0, "y": 0 }
				]
			},
			"bone4": {
				"rotate": [
					{
						"time": 0,
						"angle": -0.47,
						"curve": [ 0.342, 0.49, 0.681, 1 ]
					},
					{
						"time": 0.3,
						"angle": 5.48,
						"curve": [ 0.332, 0.02, 0.684, 1 ]
					},
					{
						"time": 1,
						"angle": -6.18,
						"curve": [ 0.328, 0.02, 0.665, 0.5 ]
					},
					{
						"time": 1.3333,
						"angle": -0.47,
						"curve": [ 0.342, 0.49, 0.681, 1 ]
					},
					{
						"time": 1.6333,
						"angle": 5.48,
						"curve": [ 0.332, 0.02, 0.684, 1 ]
					},
					{
						"time": 2.3333,
						"angle": -6.18,
						"curve": [ 0.328, 0.02, 0.665, 0.5 ]
					},
					{ "time": 2.6667, "angle": -0.47 }
				],
				"translate": [
					{ "time": 0, "x": 0, "y": 0, "curve": "stepped" },
					{ "time": 1.3333, "x": 0, "y": 0, "curve": "stepped" },
					{ "time": 2.6667, "x": 0, "y": 0 }
				],
				"scale": [
					{ "time": 0, "x": 1, "y": 1, "curve": "stepped" },
					{ "time": 1.3333, "x": 1, "y": 1, "curve": "stepped" },
					{ "time": 2.6667, "x": 1, "y": 1 }
				],
				"shear": [
					{ "time": 0, "x": 0, "y": 0, "curve": "stepped" },
					{ "time": 1.3333, "x": 0, "y": 0, "curve": "stepped" },
					{ "time": 2.6667, "x": 0, "y": 0 }
				]
			},
			"bone5": {
				"rotate": [
					{
						"time": 0,
						"angle": 0,
						"curve": [ 0.224, 0.3, 0.75, 1 ]
					},
					{
						"time": 0.4667,
						"angle": 12.37,
						"curve": [ 0.25, 0, 0.75, 1 ]
					},
					{
						"time": 1.2,
						"angle": -2.2,
						"curve": [ 0.25, 0, 0.787, 0.74 ]
					},
					{
						"time": 1.3333,
						"angle": 0,
						"curve": [ 0.224, 0.3, 0.75, 1 ]
					},
					{
						"time": 1.8,
						"angle": 12.37,
						"curve": [ 0.25, 0, 0.75, 1 ]
					},
					{
						"time": 2.5333,
						"angle": -2.2,
						"curve": [ 0.25, 0, 0.787, 0.74 ]
					},
					{ "time": 2.6667, "angle": 0 }
				],
				"translate": [
					{ "time": 0, "x": 0, "y": 0, "curve": "stepped" },
					{ "time": 1.3333, "x": 0, "y": 0, "curve": "stepped" },
					{ "time": 2.6667, "x": 0, "y": 0 }
				],
				"scale": [
					{ "time": 0, "x": 1, "y": 1, "curve": "stepped" },
					{ "time": 1.3333, "x": 1, "y": 1, "curve": "stepped" },
					{ "time": 2.6667, "x": 1, "y": 1 }
				],
				"shear": [
					{ "time": 0, "x": 0, "y": 0, "curve": "stepped" },
					{ "time": 1.3333, "x": 0, "y": 0, "curve": "stepped" },
					{ "time": 2.6667, "x": 0, "y": 0 }
				]
			},
			"bone6": {
				"rotate": [
					{
						"time": 0,
						"angle": 7.35,
						"curve": [ 0.361, 0, 0.657, 1 ]
					},
					{
						"time": 0.7,
						"angle": -7.63,
						"curve": [ 0.361, 0, 0.657, 1 ]
					},
					{
						"time": 1.3333,
						"angle": 7.35,
						"curve": [ 0.361, 0, 0.657, 1 ]
					},
					{
						"time": 2.0333,
						"angle": -7.63,
						"curve": [ 0.361, 0, 0.657, 1 ]
					},
					{ "time": 2.6667, "angle": 7.35 }
				],
				"translate": [
					{ "time": 0, "x": 0, "y": 0, "curve": "stepped" },
					{ "time": 1.3333, "x": 0, "y": 0, "curve": "stepped" },
					{ "time": 2.6667, "x": 0, "y": 0 }
				],
				"scale": [
					{ "time": 0, "x": 1, "y": 1, "curve": "stepped" },
					{ "time": 1.3333, "x": 1, "y": 1, "curve": "stepped" },
					{ "time": 2.6667, "x": 1, "y": 1 }
				],
				"shear": [
					{ "time": 0, "x": 0, "y": 0, "curve": "stepped" },
					{ "time": 1.3333, "x": 0, "y": 0, "curve": "stepped" },
					{ "time": 2.6667, "x": 0, "y": 0 }
				]
			},
			"bone7": {
				"rotate": [
					{
						"time": 0,
						"angle": 0,
						"curve": [ 0.25, 0, 0.75, 1 ]
					},
					{
						"time": 0.6333,
						"angle": -10.57,
						"curve": [ 0.25, 0, 0.75, 1 ]
					},
					{
						"time": 1.3333,
						"angle": 0,
						"curve": [ 0.25, 0, 0.75, 1 ]
					},
					{
						"time": 1.9667,
						"angle": -10.57,
						"curve": [ 0.25, 0, 0.75, 1 ]
					},
					{ "time": 2.6667, "angle": 0 }
				],
				"translate": [
					{ "time": 0, "x": 0, "y": 0, "curve": "stepped" },
					{ "time": 1.3333, "x": 0, "y": 0, "curve": "stepped" },
					{ "time": 2.6667, "x": 0, "y": 0 }
				],
				"scale": [
					{ "time": 0, "x": 1, "y": 1, "curve": "stepped" },
					{ "time": 1.3333, "x": 1, "y": 1, "curve": "stepped" },
					{ "time": 2.6667, "x": 1, "y": 1 }
				],
				"shear": [
					{ "time": 0, "x": 0, "y": 0, "curve": "stepped" },
					{ "time": 1.3333, "x": 0, "y": 0, "curve": "stepped" },
					{ "time": 2.6667, "x": 0, "y": 0 }
				]
			},
			"2": {
				"rotate": [
					{ "time": 0, "angle": 0, "curve": "stepped" },
					{ "time": 1.3333, "angle": 0 }
				],
				"translate": [
					{ "time": 0, "x": 0, "y": 0, "curve": "stepped" },
					{ "time": 1.3333, "x": 0, "y": 0 }
				],
				"scale": [
					{ "time": 0, "x": 1, "y": 1, "curve": "stepped" },
					{ "time": 1.3333, "x": 1, "y": 1 }
				],
				"shear": [
					{ "time": 0, "x": 0, "y": 0, "curve": "stepped" },
					{ "time": 1.3333, "x": 0, "y": 0 }
				]
			},
			"1": {
				"rotate": [
					{ "time": 0, "angle": 0, "curve": "stepped" },
					{ "time": 1.3333, "angle": 0 }
				],
				"translate": [
					{ "time": 0, "x": 0, "y": 0, "curve": "stepped" },
					{ "time": 1.3333, "x": 0, "y": 0 }
				],
				"scale": [
					{ "time": 0, "x": 1, "y": 1, "curve": "stepped" },
					{ "time": 1.3333, "x": 1, "y": 1 }
				],
				"shear": [
					{ "time": 0, "x": 0, "y": 0, "curve": "stepped" },
					{ "time": 1.3333, "x": 0, "y": 0 }
				]
			},
			"bone8": {
				"rotate": [
					{ "time": 0, "angle": -0.26, "curve": "stepped" },
					{ "time": 1.3333, "angle": -0.26 }
				],
				"translate": [
					{ "time": 0, "x": 0, "y": 0, "curve": "stepped" },
					{ "time": 1.3333, "x": 0, "y": 0 }
				],
				"scale": [
					{ "time": 0, "x": 1, "y": 1, "curve": "stepped" },
					{ "time": 1.3333, "x": 1, "y": 1 }
				],
				"shear": [
					{ "time": 0, "x": 0, "y": 0, "curve": "stepped" },
					{ "time": 1.3333, "x": 0, "y": 0 }
				]
			},
			"bone9": {
				"rotate": [
					{ "time": 0, "angle": 0.45, "curve": "stepped" },
					{ "time": 1.3333, "angle": 0.45 }
				],
				"translate": [
					{ "time": 0, "x": 0, "y": 0, "curve": "stepped" },
					{ "time": 1.3333, "x": 0, "y": 0 }
				],
				"scale": [
					{ "time": 0, "x": 1, "y": 1, "curve": "stepped" },
					{ "time": 1.3333, "x": 1, "y": 1 }
				],
				"shear": [
					{ "time": 0, "x": 0, "y": 0, "curve": "stepped" },
					{ "time": 1.3333, "x": 0, "y": 0 }
				]
			},
			"bone10": {
				"rotate": [
					{ "time": 0, "angle": 0.02, "curve": "stepped" },
					{ "time": 1.3333, "angle": 0.02 }
				],
				"translate": [
					{ "time": 0, "x": 0, "y": 0, "curve": "stepped" },
					{ "time": 1.3333, "x": 0, "y": 0 }
				],
				"scale": [
					{ "time": 0, "x": 1, "y": 1, "curve": "stepped" },
					{ "time": 1.3333, "x": 1, "y": 1 }
				],
				"shear": [
					{ "time": 0, "x": 0, "y": 0, "curve": "stepped" },
					{ "time": 1.3333, "x": 0, "y": 0 }
				]
			},
			"4": {
				"rotate": [
					{ "time": 0, "angle": 0, "curve": "stepped" },
					{ "time": 1.3333, "angle": 0 }
				],
				"translate": [
					{ "time": 0, "x": 0, "y": 0, "curve": "stepped" },
					{ "time": 1.3333, "x": 0, "y": 0 }
				],
				"scale": [
					{ "time": 0, "x": 1, "y": 1, "curve": "stepped" },
					{ "time": 1.3333, "x": 1, "y": 1 }
				],
				"shear": [
					{ "time": 0, "x": 0, "y": 0, "curve": "stepped" },
					{ "time": 1.3333, "x": 0, "y": 0 }
				]
			},
			"3": {
				"rotate": [
					{ "time": 0, "angle": 0, "curve": "stepped" },
					{ "time": 1.3333, "angle": 0 }
				],
				"translate": [
					{ "time": 0, "x": 0, "y": 0, "curve": "stepped" },
					{ "time": 1.3333, "x": 0, "y": 0 }
				],
				"scale": [
					{ "time": 0, "x": 1, "y": 1, "curve": "stepped" },
					{ "time": 1.3333, "x": 1, "y": 1 }
				],
				"shear": [
					{ "time": 0, "x": 0, "y": 0, "curve": "stepped" },
					{ "time": 1.3333, "x": 0, "y": 0 }
				]
			},
			"bone11": {
				"rotate": [
					{ "time": 0, "angle": -0.14, "curve": "stepped" },
					{ "time": 1.3333, "angle": -0.14 }
				],
				"translate": [
					{ "time": 0, "x": 0, "y": 0, "curve": "stepped" },
					{ "time": 1.3333, "x": 0, "y": 0 }
				],
				"scale": [
					{ "time": 0, "x": 1, "y": 1, "curve": "stepped" },
					{ "time": 1.3333, "x": 1, "y": 1 }
				],
				"shear": [
					{ "time": 0, "x": 0, "y": 0, "curve": "stepped" },
					{ "time": 1.3333, "x": 0, "y": 0 }
				]
			},
			"bone12": {
				"rotate": [
					{ "time": 0, "angle": 0.05, "curve": "stepped" },
					{ "time": 1.3333, "angle": 0.05 }
				],
				"translate": [
					{ "time": 0, "x": 0, "y": 0, "curve": "stepped" },
					{ "time": 1.3333, "x": 0, "y": 0 }
				],
				"scale": [
					{ "time": 0, "x": 1, "y": 1, "curve": "stepped" },
					{ "time": 1.3333, "x": 1, "y": 1 }
				],
				"shear": [
					{ "time": 0, "x": 0, "y": 0, "curve": "stepped" },
					{ "time": 1.3333, "x": 0, "y": 0 }
				]
			},
			"bone13": {
				"rotate": [
					{ "time": 0, "angle": 0.03, "curve": "stepped" },
					{ "time": 1.3333, "angle": 0.03 }
				],
				"translate": [
					{ "time": 0, "x": 0, "y": 0, "curve": "stepped" },
					{ "time": 1.3333, "x": 0, "y": 0 }
				],
				"scale": [
					{ "time": 0, "x": 1, "y": 1, "curve": "stepped" },
					{ "time": 1.3333, "x": 1, "y": 1 }
				],
				"shear": [
					{ "time": 0, "x": 0, "y": 0, "curve": "stepped" },
					{ "time": 1.3333, "x": 0, "y": 0 }
				]
			},
			"bone14": {
				"rotate": [
					{
						"time": 0,
						"angle": 12.24,
						"curve": [ 0.25, 0, 0.75, 1 ]
					},
					{
						"time": 0.7,
						"angle": -12.41,
						"curve": [ 0.25, 0, 0.75, 1 ]
					},
					{
						"time": 1.3333,
						"angle": 12.24,
						"curve": [ 0.25, 0, 0.75, 1 ]
					},
					{
						"time": 2.0333,
						"angle": -12.41,
						"curve": [ 0.25, 0, 0.75, 1 ]
					},
					{ "time": 2.6667, "angle": 12.24 }
				],
				"translate": [
					{ "time": 0, "x": 0, "y": 0, "curve": "stepped" },
					{ "time": 1.3333, "x": 0, "y": 0, "curve": "stepped" },
					{ "time": 2.6667, "x": 0, "y": 0 }
				],
				"scale": [
					{ "time": 0, "x": 1, "y": 1, "curve": "stepped" },
					{ "time": 1.3333, "x": 1, "y": 1, "curve": "stepped" },
					{ "time": 2.6667, "x": 1, "y": 1 }
				],
				"shear": [
					{ "time": 0, "x": 0, "y": 0, "curve": "stepped" },
					{ "time": 1.3333, "x": 0, "y": 0, "curve": "stepped" },
					{ "time": 2.6667, "x": 0, "y": 0 }
				]
			},
			"bone15": {
				"rotate": [
					{
						"time": 0,
						"angle": -1.77,
						"curve": [ 0.289, 0.54, 0.609, 0.93 ]
					},
					{
						"time": 0.1667,
						"angle": 2.5,
						"curve": [ 0.456, 0.02, 0.586, 0.95 ]
					},
					{
						"time": 0.8667,
						"angle": -13.71,
						"curve": [ 0.466, 0.02, 0.687, 0.65 ]
					},
					{
						"time": 1.3333,
						"angle": -1.77,
						"curve": [ 0.289, 0.54, 0.609, 0.93 ]
					},
					{
						"time": 1.5,
						"angle": 0,
						"curve": [ 0.456, 0.02, 0.586, 0.95 ]
					},
					{
						"time": 2.2,
						"angle": -16.17,
						"curve": [ 0.466, 0.02, 0.687, 0.65 ]
					},
					{ "time": 2.6667, "angle": -1.77 }
				],
				"translate": [
					{ "time": 0, "x": 0, "y": 0, "curve": "stepped" },
					{ "time": 0.1667, "x": 0, "y": 0, "curve": "stepped" },
					{ "time": 1.3333, "x": 0, "y": 0, "curve": "stepped" },
					{ "time": 1.5, "x": 0, "y": 0, "curve": "stepped" },
					{ "time": 2.6667, "x": 0, "y": 0 }
				],
				"scale": [
					{ "time": 0, "x": 1, "y": 1, "curve": "stepped" },
					{ "time": 0.1667, "x": 1, "y": 1, "curve": "stepped" },
					{ "time": 1.3333, "x": 1, "y": 1, "curve": "stepped" },
					{ "time": 1.5, "x": 1, "y": 1, "curve": "stepped" },
					{ "time": 2.6667, "x": 1, "y": 1 }
				],
				"shear": [
					{ "time": 0, "x": 0, "y": 0, "curve": "stepped" },
					{
						"time": 0.1667,
						"x": 0,
						"y": 0,
						"curve": [ 0.442, 0.02, 0.726, 0.51 ]
					},
					{
						"time": 0.8333,
						"x": 0,
						"y": 14.84,
						"curve": [ 0.311, 0.4, 0.612, 0.8 ]
					},
					{ "time": 1.3333, "x": 0, "y": 0, "curve": "stepped" },
					{
						"time": 1.5,
						"x": 0,
						"y": 0,
						"curve": [ 0.442, 0.02, 0.726, 0.51 ]
					},
					{
						"time": 2.1667,
						"x": 0,
						"y": 14.84,
						"curve": [ 0.311, 0.4, 0.612, 0.8 ]
					},
					{ "time": 2.6667, "x": 0, "y": 0 }
				]
			},
			"bone16": {
				"rotate": [
					{
						"time": 0,
						"angle": -11.13,
						"curve": [ 0.278, 0.46, 0.522, 0.98 ]
					},
					{
						"time": 0.3667,
						"angle": 3.61,
						"curve": [ 0.491, 0, 0.541, 0.98 ]
					},
					{
						"time": 1.0333,
						"angle": -17.91,
						"curve": [ 0.25, 0, 0.75, 1 ]
					},
					{
						"time": 1.7,
						"angle": 7.01,
						"curve": [ 0.491, 0, 0.541, 0.98 ]
					},
					{
						"time": 2.3667,
						"angle": -17.91,
						"curve": [ 0.468, 0, 0.746, 0.47 ]
					},
					{ "time": 2.6667, "angle": -11.13 }
				],
				"translate": [
					{ "time": 0, "x": 0, "y": 0, "curve": "stepped" },
					{ "time": 0.3667, "x": 0, "y": 0, "curve": "stepped" },
					{ "time": 1.3333, "x": 0, "y": 0, "curve": "stepped" },
					{ "time": 1.7, "x": 0, "y": 0, "curve": "stepped" },
					{ "time": 2.6667, "x": 0, "y": 0 }
				],
				"scale": [
					{ "time": 0, "x": 1, "y": 1, "curve": "stepped" },
					{ "time": 0.3667, "x": 1, "y": 1, "curve": "stepped" },
					{ "time": 1.3333, "x": 1, "y": 1, "curve": "stepped" },
					{ "time": 1.7, "x": 1, "y": 1, "curve": "stepped" },
					{ "time": 2.6667, "x": 1, "y": 1 }
				],
				"shear": [
					{ "time": 0, "x": 0, "y": 0, "curve": "stepped" },
					{
						"time": 0.3667,
						"x": 0,
						"y": 0,
						"curve": [ 0.479, 0, 0.744, 0.5 ]
					},
					{
						"time": 1.0333,
						"x": 0,
						"y": 12.51,
						"curve": [ 0.32, 0.35, 0.636, 0.71 ]
					},
					{ "time": 1.3333, "x": 0, "y": 0, "curve": "stepped" },
					{
						"time": 1.7,
						"x": 0,
						"y": 0,
						"curve": [ 0.479, 0, 0.744, 0.5 ]
					},
					{
						"time": 2.3667,
						"x": 0,
						"y": 12.51,
						"curve": [ 0.32, 0.35, 0.636, 0.71 ]
					},
					{ "time": 2.6667, "x": 0, "y": 0 }
				]
			},
			"bone17": {
				"rotate": [
					{
						"time": 0,
						"angle": 0,
						"curve": [ 0.451, 0.01, 0.612, 0.99 ]
					},
					{
						"time": 0.7333,
						"angle": -20.45,
						"curve": [ 0.451, 0.01, 0.612, 0.99 ]
					},
					{
						"time": 1.3333,
						"angle": 0,
						"curve": [ 0.451, 0.01, 0.612, 0.99 ]
					},
					{
						"time": 2.0667,
						"angle": -21.84,
						"curve": [ 0.451, 0.01, 0.612, 0.99 ]
					},
					{ "time": 2.6667, "angle": 0 }
				],
				"translate": [
					{ "time": 0, "x": 0, "y": 0, "curve": "stepped" },
					{ "time": 1.3333, "x": 0, "y": 0, "curve": "stepped" },
					{ "time": 2.6667, "x": 0, "y": 0 }
				],
				"scale": [
					{ "time": 0, "x": 1, "y": 1, "curve": "stepped" },
					{ "time": 1.3333, "x": 1, "y": 1, "curve": "stepped" },
					{ "time": 2.6667, "x": 1, "y": 1 }
				],
				"shear": [
					{ "time": 0, "x": 0, "y": 0, "curve": "stepped" },
					{ "time": 1.3333, "x": 0, "y": 0, "curve": "stepped" },
					{ "time": 2.6667, "x": 0, "y": 0 }
				]
			},
			"bone18": {
				"rotate": [
					{
						"time": 0,
						"angle": -7.54,
						"curve": [ 0.306, 0.49, 0.583, 1 ]
					},
					{
						"time": 0.3333,
						"angle": 4.2,
						"curve": [ 0.464, 0, 0.607, 1 ]
					},
					{
						"time": 1.0333,
						"angle": -16.5,
						"curve": [ 0.25, 0, 0.75, 1 ]
					},
					{
						"time": 1.6667,
						"angle": 10.7,
						"curve": [ 0.464, 0, 0.607, 1 ]
					},
					{
						"time": 2.3667,
						"angle": -16.04,
						"curve": [ 0.436, 0, 0.729, 0.49 ]
					},
					{ "time": 2.6667, "angle": -7.54 }
				],
				"translate": [
					{ "time": 0, "x": 0, "y": 0, "curve": "stepped" },
					{ "time": 0.3333, "x": 0, "y": 0, "curve": "stepped" },
					{ "time": 1.6667, "x": 0, "y": 0, "curve": "stepped" },
					{ "time": 2.6667, "x": 0, "y": 0 }
				],
				"scale": [
					{ "time": 0, "x": 1, "y": 1, "curve": "stepped" },
					{ "time": 0.3333, "x": 1, "y": 1, "curve": "stepped" },
					{ "time": 1.6667, "x": 1, "y": 1, "curve": "stepped" },
					{ "time": 2.6667, "x": 1, "y": 1 }
				],
				"shear": [
					{ "time": 0, "x": 0, "y": 0, "curve": "stepped" },
					{ "time": 0.3333, "x": 0, "y": 0, "curve": "stepped" },
					{ "time": 1.6667, "x": 0, "y": 0, "curve": "stepped" },
					{ "time": 2.6667, "x": 0, "y": 0 }
				]
			},
			"bone19": {
				"rotate": [
					{
						"time": 0,
						"angle": -3.19,
						"curve": [ 0.299, 0.54, 0.616, 0.98 ]
					},
					{
						"time": 0.9333,
						"angle": -17.99,
						"curve": [ 0.411, 0, 0.673, 0.98 ]
					},
					{
						"time": 1.5667,
						"angle": 6.1,
						"curve": [ 0.411, 0, 0.673, 0.98 ]
					},
					{
						"time": 2.2667,
						"angle": -15.64,
						"curve": [ 0.411, 0, 0.673, 0.98 ]
					},
					{ "time": 2.6667, "angle": -3.19 }
				],
				"translate": [
					{ "time": 0, "x": 0, "y": 0, "curve": "stepped" },
					{ "time": 1.5667, "x": 0, "y": 0, "curve": "stepped" },
					{ "time": 2.6667, "x": 0, "y": 0 }
				],
				"scale": [
					{ "time": 0, "x": 1, "y": 1, "curve": "stepped" },
					{ "time": 1.5667, "x": 1, "y": 1, "curve": "stepped" },
					{ "time": 2.6667, "x": 1, "y": 1 }
				],
				"shear": [
					{ "time": 0, "x": 0, "y": 0, "curve": "stepped" },
					{ "time": 1.5667, "x": 0, "y": 0, "curve": "stepped" },
					{ "time": 2.6667, "x": 0, "y": 0 }
				]
			},
			"bone20": {
				"rotate": [
					{ "time": 0, "angle": 0, "curve": "stepped" },
					{ "time": 1.3333, "angle": 0 },
					{ "time": 1.5, "angle": 4.69 },
					{ "time": 1.5667, "angle": 0 }
				],
				"translate": [
					{ "time": 0, "x": 0, "y": 0, "curve": "stepped" },
					{ "time": 1.3333, "x": 0, "y": 0 },
					{ "time": 1.3667, "x": -1.75, "y": 0.07 },
					{ "time": 1.4, "x": 0, "y": 0 },
					{ "time": 1.4667, "x": 1.17, "y": -0.4 },
					{ "time": 1.5, "x": -0.05, "y": -0.41 },
					{ "time": 1.5667, "x": 0, "y": 0 }
				],
				"scale": [
					{ "time": 0, "x": 0, "y": 1, "curve": "stepped" },
					{ "time": 1.3333, "x": 0, "y": 1 },
					{ "time": 1.3667, "x": 0.283, "y": 0.844 },
					{ "time": 1.4, "x": 1, "y": 1, "curve": "stepped" },
					{ "time": 1.4667, "x": 1, "y": 1 },
					{ "time": 1.5, "x": 0.686, "y": 1 },
					{ "time": 1.5667, "x": 0, "y": 1 }
				],
				"shear": [
					{ "time": 0, "x": 0, "y": 0, "curve": "stepped" },
					{ "time": 1.3333, "x": 0, "y": 0, "curve": "stepped" },
					{ "time": 1.5667, "x": 0, "y": 0 }
				]
			}
		},
		"deform": {
			"default": {
				"2": {
					"2": [
						{
							"time": 0,
							"offset": 44,
							"vertices": [ 0.77131, 0.01566, 0.77142, 0.01442, 1.04697, 0.2141, 1.04741, 0.21241, 1.06118, 0.4642, 1.06203, 0.46247, 0.82118, 0.69858, 0.82242, 0.69726, 0.47615, 0.04337, 0.4763, 0.04262, 0.72031, 0.24908, 0.72081, 0.24792, 0.71353, 0.4869, 0.71441, 0.48576, 0.44854, 0.73129, 0.44983, 0.73057 ],
							"curve": [ 0.345, 0.48, 0.683, 0.98 ]
						},
						{
							"time": 0.3333,
							"offset": 44,
							"vertices": [ 2.52486, -0.96251, 2.52325, -0.96667, 3.10686, -0.96078, 3.10525, -0.9659, 3.10686, -0.96078, 3.10525, -0.9659, 2.52486, -0.96251, 2.52325, -0.96667, 2.52486, -0.96251, 2.52325, -0.96667, 3.10686, -0.96078, 3.10525, -0.9659, 3.10686, -0.96078, 3.10525, -0.9659, 2.52486, -0.96251, 2.52325, -0.96667 ],
							"curve": [ 0.337, 0, 0.689, 0.98 ]
						},
						{
							"time": 1.0333,
							"offset": 44,
							"vertices": [ -0.6162, 0.78964, -0.61473, 0.79071, -0.58295, 1.14374, -0.58088, 1.14476, -0.55749, 1.59172, -0.5547, 1.59269, -0.52687, 2.01293, -0.52337, 2.01385, -1.14491, 0.83928, -1.14337, 0.84122, -1.16807, 1.20639, -1.16591, 1.20837, -1.18023, 1.63239, -1.17736, 1.6344, -1.19437, 2.07152, -1.19078, 2.07354 ],
							"curve": [ 0.331, 0, 0.668, 0.49 ]
						},
						{
							"time": 1.3333,
							"offset": 44,
							"vertices": [ 0.77131, 0.01566, 0.77142, 0.01442, 1.04697, 0.2141, 1.04741, 0.21241, 1.06118, 0.4642, 1.06203, 0.46247, 0.82118, 0.69858, 0.82242, 0.69726, 0.47615, 0.04337, 0.4763, 0.04262, 0.72031, 0.24908, 0.72081, 0.24792, 0.71353, 0.4869, 0.71441, 0.48576, 0.44854, 0.73129, 0.44983, 0.73057 ],
							"curve": [ 0.345, 0.48, 0.683, 0.98 ]
						},
						{
							"time": 1.6667,
							"offset": 44,
							"vertices": [ 2.52486, -0.96251, 2.52325, -0.96667, 3.10686, -0.96078, 3.10525, -0.9659, 3.10686, -0.96078, 3.10525, -0.9659, 2.52486, -0.96251, 2.52325, -0.96667, 2.52486, -0.96251, 2.52325, -0.96667, 3.10686, -0.96078, 3.10525, -0.9659, 3.10686, -0.96078, 3.10525, -0.9659, 2.52486, -0.96251, 2.52325, -0.96667 ],
							"curve": [ 0.337, 0, 0.689, 0.98 ]
						},
						{
							"time": 2.3667,
							"offset": 44,
							"vertices": [ -0.6162, 0.78964, -0.61473, 0.79071, -0.58295, 1.14374, -0.58088, 1.14476, -0.55749, 1.59172, -0.5547, 1.59269, -0.52687, 2.01293, -0.52337, 2.01385, -1.14491, 0.83928, -1.14337, 0.84122, -1.16807, 1.20639, -1.16591, 1.20837, -1.18023, 1.63239, -1.17736, 1.6344, -1.19437, 2.07152, -1.19078, 2.07354 ],
							"curve": [ 0.331, 0, 0.668, 0.49 ]
						},
						{
							"time": 2.6667,
							"offset": 44,
							"vertices": [ 0.77131, 0.01566, 0.77142, 0.01442, 1.04697, 0.2141, 1.04741, 0.21241, 1.06118, 0.4642, 1.06203, 0.46247, 0.82118, 0.69858, 0.82242, 0.69726, 0.47615, 0.04337, 0.4763, 0.04262, 0.72031, 0.24908, 0.72081, 0.24792, 0.71353, 0.4869, 0.71441, 0.48576, 0.44854, 0.73129, 0.44983, 0.73057 ]
						}
					]
				}
			}
		}
	}
}
}